agraz,,,,,,
,,,,,,
arandanos,,,,,,
badea,,,,,,
banano criollo ,,,,,,
breva ,,,,,,
ciruela ,,,,,,
coco,,,,,,
curuba,,,,,,
durazno nacional ,,,,,,Fr*?SCh&tpVZ22p
freijoa,,,,,,
fresa grande ,,,,,,
fresa jumbo ,,,,,,
fresa pequeña,,,,,,
granadilla ,,,,,,
guanabana,,,,,,
guayaba,,,,,,
gengibre,,,,,,
kiwi,,,,,,
limon criollo,,,,,,
limon taiti ,,,,,,
limon mandarina,,,,,,
mango tommy,,,,,,
manzana roja ,,,,,,
manzana verde ,,,,,,
manzana rosada,,,,,,
manzana de agua,,,,,,
mandariana ,,,,,,
,,,,,,
maracuya ,,,,,,
melon ,,,,,,
mora ,,,,,,
naranja comun ,,,,,,
naranja valenciana ,,,,,,
naranja tangelo ,,,,,,
papaya ,,,,,,
patilla baby ,,,,,,
patilla comun ,,,,,,
pera importada ,,,,,,
pera criolla ,,,,,,
piña perolera,,,,,,
piña oro miel ,,,,,,
tamarindo en pasta ,,,,,,
pitahaya ,,,,,,
tamarindo en pulpa,,,,,,
toronja ,,,,,,
uchua en tarro ,,,,,,
uchua en cascara ,,,,,,
uchua ,,,,,,
uva importada ,,,,,,
una isabella ,,,,,,
aguacate crioola ,,,,,,
aguacate choque ,,,,,,
aguacate hazz,,,,,,
aguacate papelillo ,,,,,,
acelga ,,,,,,
ahuyama,,,,,,
ahuyamin ,,,,,,
ajo blanco ,,,,,,
ajo criollo,,,,,,
apio rama x3,,,,,,
apio rama mata,,,,,,
apio arracacha ,,,,,,
arveja desgranada,,,,,,
arveja en concha,,,,,,
berengena blanca,,,,,,
berenjena morada,,,,,,
brocoli ,,,,,,
calabazin verde ,,,,,,
zikinni amarillo ,,,,,,
camote ,,,,,,
batata ,,,,,,
cebolla blanca ,,,,,,
cebolla roja ,,,,,,
cebolla larga ,,,,,,
cebolla puerro ,,,,,,
colifor ,,,,,,
cilantro x 500,,,,,,
cilantro atado x2000,,,,,,
cilantro mata ,,,,,,
champiñon badeja ,,,,,,
champiñon entero ,,,,,,
espinaca,,,,,,
frijol desgranado ,,,,,,
frijol en concha ,,,,,,
guacas*,,,,,,
guascas*,,,,,,
guineo,,,,,,
habichuela ,,,,,,
lechuga batabia ,,,,,,
mazorca desgranada ,,,,,,
lechuga romana ,,,,,,
lechuga crespa ,,,,,,
mazorca criolla ,,,,,,
mazorca bogotana ,,,,,,
papa criolla o amarrila ,,,,,,
papa pastusa ,,,,,,
papa unica o de fritar ,,,,,,
papa pareja ,,,,,,
pepino cohombro,,,,,,
pepino de rellenar ,,,,,,
perejil mata ,,,,,,
perejil x 1000,,,,,,
picado de seco pequeño ,q1,,,,,
picado se seco grande ,,,,,,
picado de sopa pequeñp ,,,,,,
picado de sopa grande ,,,,,,
shosue bandeja ,,,,,,
shosue libra ,,,,,,
ensalada agridulce bandeja ,,,,,,
ensalada agridulce libra ,,,,,,
ensalada bandeja ,,,,,,
ensalada x 1/2 libra ,,,,,,
pimenton verde ,,,,,,
pimenton amarillo ,,,,,,
pimenton rojo ,,,,,,
platano maduro,,,,,,
platano  maduro asar ,,,,,,
platano verde ,,,,,,
rabano ,,,,,,
rugula ,,,,,,
cogollo auropeo ,,,,,,
raiz china ,,,,,,
repollo morado ,,,,,,
repollo blnaco ,,,,,,
tomate cherry estuche ,,,,,,
"tom,ate cherry libra ",,,,,,
tomate chonto ,,,,,,
tomate milano verde,,,,,,
yota ,,,,,,
yuca ,,,,,,
zanahoria ,,,,,,
yuca pelada ,,,,,,
papa lavada ,,,,,,
habichuela picada x 250 gr,,,,,,
zanahoria picada x 250 gr ,,,,,,
PULPAS ,,,,,,
curuba ,,,,,,
fresa ,,,,,,
guanabana,,,,,,
guayaba,,,,,,
lulo ,,,,,,
maracuya ,,,,,,
mora ,,,,,,
piña ,,,,,,
tomate de arbol ,,,,,,
tropical ,,,,,,
VARIOS ,,,,,,
maiz de mute ,,,,,,
masa amariila con chicharron ,,,,,,
masa amariila sin chicharron ,,,,,,
masa blanca ,,,,,,
maiz blanco ,,,,,,
garbanzo remojado x 250 gr ,,,,,,
alverja remojada x 250 gr ,,,,,,
lenteja romojada x 250 gr ,,,,,,
hoja de para tamal ,,,,,,
carbon bolsa ,,,,,,
aji botella ,,,,,,
jalapeño x 125 gr ,,,,,,
aji en pepa x 250 gr,,,,,,
miel botella grande ,,,,,,
miel botella pequela ,,,,,,
propoleo ,,,,,,
huevo AAA o JUMBO ,,,,,,
huevo AA,,,,,,
huevo A,,,,,,
queso tajado x 250gr,,,,,,
queso tajado x500 gr,,,,,,
cuajada criolla ,,,,,,
morcillas o rellenas ,,,,,,
cuajada fresca ,,,,,,
CARNES X 500 GRAMOS ,,,,,,
 -CARNE DE RES ,,,,,,
costilla de res ,,,,,,
carne de cogote ,,,,,,
lomo fino ,,,,,,
punta de anca ,,,,,,
carne cecina ,,,,,,
carne herradero ,,,,,,
hueso carnudo ,,,,,,
carne murillo ,,,,,,
carne molida ,,,,,,
 -CARNE DE CERDO,,,,,,
panceta ,,,,,,
costillas de cerdo ,,,,,,
pazuña ,,,,,,
papada ,,,,,,
lomo fino ,,,,,,
pierna ,,,,,,
chicarron ,,,,,,
chorizos de cerdo ,,,,,,
molida de cerdo ,,,,,,
VISERAS ,,,,,,
higado ,,,,,,
callo entero ,,,,,,
callo picado ,,,,,,
boje ,,,,,,
chanfaina picada ,,,,,,
pajarilla ,,,,,,
cuajo ,,,,,,
libro de res ,,,,,,
mano de res ,,,,,,
pata de res ,,,,,,
POLLO,,,,,,
pollo entero ,,,,,,
gallina entera,,,,,,
pechuga ,,,,,,
pierna pernil ,,,,,,
rabadilla,,,,,,
bandeja de patas,,,,,,
bandejas de alas ,,,,,,
bandeja de mollejas,,,,,,
bandeja de corazones ,,,,,,
bandeja de menudencias ,,,,,,
pollo criollo ,,,,,,
gallina criolla ,,,,,,
PESCADO ,,,,,,
trucha ,,,,,,
mojarra ,,,,,,
bagre ,,,,,,
cabeza de bagre ,,,,,,
cachama ,,,,,,
tilapia ,,,,,,
pechuga de bagre ,,,,,,
camares ,,,,,,
pulpo ,,,,,,
blanquillo ,,,,,,
,,,,,,
CONDIMENTOS X 125 GR,,,,,,
comino ,,,,,,
adobo completo ,,,,,,
paprika ,,,,,,
ajo molido ,,,,,,
ajo mix ,,,,,,
finas hierbas ,,,,,,
bicarbonato ,,,,,,
oregano picado ,,,,,,
laurel picado ,,,,,,
tomillo ,,,,,,
color ,,,,,,
FRUTROS SECOS Y ESPECIAS ,,,,,,
semillas de calabaza,,,,,,
semillas de chia ,,,,,,
quinua,,,,,,
pistachos ,,,,,,
nueces,,,,,,
mani crudo sin sal ,,,,,,
mani crudo con sal ,,,,,,
habas natural ,,,,,,
habas picantes ,,,,,,
granola ,,,,,,
ajonjoli ,,,,,,
coco acaramelizado ,,,,,,
almendra ,,,,,,
arandanos desidratados,,,,,,
,,,,,,
,,,,,,
AROMATICAS Y HIERBAS X 125 GR ,,,,,,
EUCALIPTO ,,,,,,
ALBAHACA ,,,,,,
TOMILLO ,,,,,,
OREGANO ,,,,,,
ALCACHOFA,,,,,,
MANZANILLA,,,,,,
HIERBABUENA ,,,,,,
TORONJIL ,,,,,,
FLOR DE JAMAICA,,,,,,
PULMONARIA ,,,,,,
LIMONARIA ,,,,,,
,,,,,,
para los negocios ,,,,,,
papa pastusa x @,,,,,,
papa unica x @ ,,,,,,
papa pareja @,,,,,,
tomate canastilla ,,,,,,
tomate x @,,,,,,
platano verde x @,,,,,,
platano maduro x @,,,,,,